<?xml version="1.0" encoding="utf-8"?>
<Package xmlns="http://schemas.microsoft.com/appx/manifest/foundation/windows10"
         xmlns:uap="http://schemas.microsoft.com/appx/manifest/uap/windows10"
         xmlns:uap3="http://schemas.microsoft.com/appx/manifest/uap/windows10/3"
         xmlns:desktop="http://schemas.microsoft.com/appx/manifest/desktop/windows10"
         xmlns:desktop2="http://schemas.microsoft.com/appx/manifest/desktop/windows10/2"
         xmlns:rescap="http://schemas.microsoft.com/appx/manifest/foundation/windows10/restrictedcapabilities"
         xmlns:virtualization="http://schemas.microsoft.com/appx/manifest/virtualization/windows10"
         xmlns:desktop6="http://schemas.microsoft.com/appx/manifest/desktop/windows10/6"
         IgnorableNamespaces="uap3 desktop2 virtualization desktop6">
  <Identity Name="Microsoft.TimeTravelDebugging" ProcessorArchitecture="x64" Publisher="CN=Microsoft Corporation, O=Microsoft Corporation, L=Redmond, S=Washington, C=US" Version="1.11.429.0" />
  <Properties>
    <DisplayName>Time Travel Debugging (TTD)</DisplayName>
    <PublisherDisplayName>Microsoft Corporation</PublisherDisplayName>
    <Logo>Resources\TTD_Logo.png</Logo>
    <desktop6:FileSystemWriteVirtualization>disabled</desktop6:FileSystemWriteVirtualization>
  </Properties>
  <Resources>
    <Resource Language="en-us" />
  </Resources>
  <Dependencies>
    <TargetDeviceFamily Name="Windows.Desktop" MaxVersionTested="10.0.22621.0" MinVersion="10.0.17763.0"/>
  </Dependencies>
  <Capabilities>
    <rescap:Capability Name="runFullTrust" />
    <rescap:Capability Name="packageQuery" />
    <rescap:Capability Name="allowElevation" />
    <rescap:Capability Name="unvirtualizedResources" />
  </Capabilities>
  <Applications>
    <Application Id="Microsoft.TimeTravelDebugging" Executable="ttd.exe" EntryPoint="Windows.FullTrustApplication">
      <uap:VisualElements DisplayName="Time Travel Debugging (TTD)" Description="Time Travel Debugging (TTD)" BackgroundColor="#777777" Square150x150Logo="Resources\TTD_150.png" Square44x44Logo="Resources\TTD_44.png"/>
      <Extensions>
        <uap3:Extension Category="windows.appExecutionAlias" Executable="ttd.exe" EntryPoint="Windows.FullTrustApplication">
          <uap3:AppExecutionAlias>
            <desktop:ExecutionAlias Alias="ttd.exe" />
          </uap3:AppExecutionAlias>
        </uap3:Extension>
      </Extensions>
    </Application>
  </Applications>
</Package>
