<?xml version="1.0" encoding="UTF-8" standalone="no"?>
<BlockMap xmlns="http://schemas.microsoft.com/appx/2010/blockmap" xmlns:b4="http://schemas.microsoft.com/appx/2021/blockmap" IgnorableNamespaces="b4" HashMethod="http://www.w3.org/2001/04/xmlenc#sha256"><File Name="TTDLiveRecorder.dll" Size="59424" LfhSize="49"><Block Hash="yQn8+osDxHPwRSPXaNixh33k/2B9jtAhfyBpB7ieXPQ=" Size="23834"/></File><File Name="ProcLaunchMon.sys" Size="79240" LfhSize="47"><Block Hash="7vCvNI6YFydJD0kNvzpHYDUhsljF6Jn4z3YyU7mJxvc=" Size="16719"/><Block Hash="PXmt22491mIkK5Kmz5W1PHwIFkUswFnzWx7mvL+DMfc=" Size="7382"/><b4:FileHash Hash="HMneVc7hMMRvC0U6C7kzt4uXoZLg4ZZL3aCsLZEWWQY="/></File><File Name="TTDInject.exe" Size="309280" LfhSize="43"><Block Hash="VCcZj4vGU1/AMjiMcSC14HpVnUPY2xgCSYhE1B1kb1o=" Size="32597"/><Block Hash="r/KF1/i305J58XOk5RWmHk5crfo8XdpW0XH3/f7IxwY=" Size="35239"/><Block Hash="BY8h2rqNVezCdnDi5yuYyr/L1/p9JbIFGxusms6kDCE=" Size="31609"/><Block Hash="JauqTc/qjgzC4WSbHa9GXPiO92tEN0xu5vfwa9F4U0I=" Size="19216"/><Block Hash="a9vaOPHdfPq2nK8RtmSWnQp7rfgFSM78VUtRio/opXE=" Size="17827"/><b4:FileHash Hash="Hndkz9bPGGDattGqy/9+dugADWP8Q/eaw7YeUuCbiyM="/></File><File Name="TTDRecordUI.dll" Size="71736" LfhSize="45"><Block Hash="YslcXjZU3O/oKUrDB81QNIFcomV0SWiTvwmS5u7xOS0=" Size="24276"/><Block Hash="9KzVk6KNw9GEFyOvdxM+hgqBt5rQKKQCcrzl1SwgHE0=" Size="4415"/><b4:FileHash Hash="L0b739uQsfIoe8ZH8W7TMwhRa2Gv6YGZb52MuGQ9p7M="/></File><File Name="TTDLoader.dll" Size="55352" LfhSize="43"><Block Hash="ijZxOmrKAlvZGMeLMURGpVzQjleDquBQZEhYXi8klLY=" Size="15705"/></File><File Name="TTD.exe" Size="112568" LfhSize="37"><Block Hash="+hOIfBlsnlN5G0HG9ub70SSoJQvy56FqLJ6hqbpgBDE=" Size="26743"/><Block Hash="c8vmdhLj6wbC0lX7ptyb/OK9LIA4bGwnjXH48V3M86w=" Size="15679"/><b4:FileHash Hash="OF4fS5d9YyNzL5uzXS2RI/n9AEZc95E3vAjPivHz05o="/></File><File Name="TTDRecordCPU.dll" Size="1300536" LfhSize="46"><Block Hash="Wg1IA/UF93hglA3AzI7T0TU4sP388ljxUs1cvBs1oUg=" Size="34177"/><Block Hash="vexNQ5P3WxCkFzeO3ZrHnInOTClpaFdH5kITgtna9uc=" Size="31550"/><Block Hash="ezt9/nWRdhf+V/AbJS/AAo6M6edthhtoBQPitn+KLDQ=" Size="20724"/><Block Hash="+tf6WThT9AeIF65lSdi9tPsW0bnCISd9xpTivQ9ZlCY=" Size="10384"/><Block Hash="VOufCH41A7pjqjYv8GCw23UvE/VnUBu27DVZdOq724c=" Size="5664"/><Block Hash="zViw95bI8XkYOK3pV6midZZlPHwAB0hly7nsi+DvhWc=" Size="8456"/><Block Hash="oIFoR6Cfq+RHWHjF5Awl2GUwoT/qMDrSCRTsqwgdw1M=" Size="8031"/><Block Hash="Jvmdhy5HdgPuUQKgRC7QD8oGC9gQPnhi9OLnUW0Rq5M=" Size="9641"/><Block Hash="XAGuSjQo2lkRAhWFZZhePGEaVsWkAipva7fNHRczqJg=" Size="14377"/><Block Hash="TYtfW7I2STItJMrUmaS4FPn8ZFMsh8y0I66kTQXfHjs=" Size="17680"/><Block Hash="dVbXtjqGCcHEMt/1yfyaP9tyxuXarBIfaLRIU42L1sE=" Size="24438"/><Block Hash="Bzs8IwUKXs4eAK1MROlogAbN21kDZ09tZ/0TtE+IY/Y=" Size="32637"/><Block Hash="UV0p5qW3A/EckqjGfVeUDiFL6nK7SAvyAoPdVEE4/eg=" Size="32957"/><Block Hash="PGfOQ9FsXul7uDByNvs4qXJSv9AEoihy0Wxz2z1XkvY=" Size="32561"/><Block Hash="LJgR1eCFUkzI/GSBAEQhRGUp8Tu1MgXvbFpmgpqmfuE=" Size="14140"/><Block Hash="Rz5DGlTmHH9a2nAsy1D+bgs8EH93O17ZtxZ6+jsP2Q0=" Size="7784"/><Block Hash="tiea2EG++chQtcWsgIpmr70QDCWd/1yRVmKNMVBWC6o=" Size="9291"/><Block Hash="xrlHl/N7ABu/JiTCmhhrORVafI2vgENBigeW6z0oHBY=" Size="8278"/><Block Hash="6N38ky6CHfNb0T2E1qnAJcYShPoSfIjn4msoDVddVqw=" Size="26084"/><Block Hash="i3mZCA2fiASFKEyvGk9rlTtb1M2YvWuacs7fbFXP3rU=" Size="13586"/><b4:FileHash Hash="TBwebHyek+m957dYPCKdi/bior4nN01yw2fw0vIFhrs="/></File><File Name="TTDReplay.dll" Size="1230904" LfhSize="43"><Block Hash="7otC/9KciliVU6CxBizkUXSTlWh/di6pClWTVIv0JOI=" Size="33048"/><Block Hash="kmKOmEo1MQg7+u5FenTLbyVTIWksevEPqwyFRfJv1vk=" Size="33152"/><Block Hash="D0pjdBgENv9zGPRroDdj1y8rgmNdkFkdSoVjTVpTDA4=" Size="31927"/><Block Hash="mWBMSlRj4tIhqMuhZCX1mdHpDH0RLnOivQm1a7kfMS0=" Size="31563"/><Block Hash="d4oBU2nZ4gC6LQcL/Id5ajinB3VfCvra6c7QBcYb2Y8=" Size="29384"/><Block Hash="TVVmSGM/ynDC8cWEF/9Gq9nRB7QfxZH0RLfO4nC1LEE=" Size="31547"/><Block Hash="N6pfFZtoS5i+LI4yX8jWkyME2WxP1uT9LC6HMnCj904=" Size="25485"/><Block Hash="hiY7/Be4eZN+kqbB6ybh37J5ztQ4/bV+2grVN98NZxY=" Size="25519"/><Block Hash="+GUpT0fbN/73iiKSVi50kMSPSdFTXyQRLsjS80cE/B0=" Size="32377"/><Block Hash="8zQuUOtxzGhckV2OBT1uPBTjkybjev37xpydE7A1kGY=" Size="35941"/><Block Hash="bkGOjGJcZiJSpdKwmmuPpvlJjOIR68AfKzkyj8Rnt1k=" Size="24008"/><Block Hash="XYlEsgl7eD8OFUMeeACKkyujryK7NEoblb8pzKoDkGc=" Size="15769"/><Block Hash="RDfMuhnOuVD5haYS1A4UkqR7ZsMLtS4+GbyjJXnjROE=" Size="20560"/><Block Hash="tqtbphOpR+ZZpyjEypWKWcY5+mSesmeGqq80PUvbDIU=" Size="17945"/><Block Hash="UWFm9gZAuTqNM7y0d0PEJSnhc6JjdfKQsB7Y/OmKTXI=" Size="16843"/><Block Hash="/eG3OK/mrK/hsnobdoatT2xiQEwd68YDeq+4W+ouxG0=" Size="16464"/><Block Hash="GWaQiKHLHtI1vTXUpP8gasPxMOvCJBe1tjH0cbaQeV8=" Size="26677"/><Block Hash="VOdiDesRJPs8l57zHKX4kWjpdhFSUCzrOS8uS7xsvU4=" Size="23228"/><Block Hash="wUuc2Ew4N0icwne2sLeAyyLD9DDel1VaI1o6GOu+clY=" Size="24720"/><b4:FileHash Hash="wWL6IkGEh+8y3B0i+EV5ZseuNKT5QmQZjCjvHde/YXw="/></File><File Name="TTDRecord.dll" Size="903224" LfhSize="43"><Block Hash="m4fC7oX/liFc79HY8Irjc4IUkhCYzDiNdUHkW7klDgM=" Size="33716"/><Block Hash="sJsqnp5TEBFlXU2QTdn/hgeKaIXkuOSCr3uVvb7lr6I=" Size="33918"/><Block Hash="KCP6gAbsllem5VZBb/ReFdGL82JxUQRtvXBUtmP3Tu8=" Size="34582"/><Block Hash="A9vVabg+pGQ/61X0iu7IJNfyX9SnQfiy0RsF4oYW+uM=" Size="30609"/><Block Hash="XfKvFuPFaeyUO2w8E7yiL4a6+XDTtGjoWtVjuW7XeO4=" Size="35427"/><Block Hash="oKaitC095uRNDwvZI+lHSGCdM+Dks+gt2kECHBT3D6g=" Size="33668"/><Block Hash="2f2KC2ZhaRjy0rSZKkrigB2NJ45lJMlLKXIowvobne0=" Size="33872"/><Block Hash="24Kbis1FLfWW+XXwzvzzHxKgT5YIBCrFIBdMNqb8Xsc=" Size="31089"/><Block Hash="ZV8pwCYjaqmUoaSxq8Wa43Wotj9Jz5c6K0BsFQckCko=" Size="21923"/><Block Hash="uNcMWkGLD+d4Wel0RsbJETO31jS2PttVhoZYIcZZ4is=" Size="17471"/><Block Hash="J1tgbag+idmmUdKWgCtiGI48Duxqc/ggyI0PeoJLfMs=" Size="13114"/><Block Hash="/cTH1R+SA6HLgMRQpT/+OlplsAueYN73vN8Bfbc7obg=" Size="24074"/><Block Hash="G/nqxnRmxsrq3pE8xjShtzuMXSGNzTyR+B9FpJ2DHWg=" Size="23394"/><Block Hash="PvQbNro4Ieklgzng9cdegsLY4jHy0ZhtiqUQWdEh0Eo=" Size="24240"/><b4:FileHash Hash="UP1NBG3JVZ7bUwkVvddI1B/oNaktKH/ajD9ESjO5RMk="/></File><File Name="TTDReplayCPU.dll" Size="2766904" LfhSize="46"><Block Hash="G5McB6N3SikPf3vQvyYVqbCHKAFGLZv/n5vm+DptX/s=" Size="22951"/><Block Hash="r47Doi4FEbFM+bqYqAcQ0CmL3gp2GMcLCGL4NsnpkSQ=" Size="23582"/><Block Hash="K2iU0aqCB1s8OfKWYlFjNRbuX4OIsuNFQmBWoq0371Q=" Size="23385"/><Block Hash="+r4kR6UT+o2enQTCzMvtDd0WXQFtDrE4EdQmYQ95KTE=" Size="28048"/><Block Hash="4zqdLlMteZq90C7s6lYz3kzo0t3RcD4q0f1YGUB7VjI=" Size="22885"/><Block Hash="DyTog/9q3qSF1qBkpTw7yotjfy8m3aV334nb5KK08wI=" Size="29870"/><Block Hash="7+Ld+oQwOIb4ulBwoFY6YPwSosgPC5P1BfLN4Umw4IM=" Size="20443"/><Block Hash="Q/DVPGW7F65w3vUVmgTyAqh4vn7krHUTHg95+KRfrTo=" Size="10276"/><Block Hash="xelJ9sYKPpjAoisO/CHL1ec+q8no3kCJOUhEGXs2W3s=" Size="5564"/><Block Hash="LfiaLGBnL579An7qKWn5Ldmxa78aBLudvcorfS0u4Bg=" Size="7749"/><Block Hash="RMCQ9Vj7dEALbwBBay6w+injWUmnh7/4RxOqSQsGOu4=" Size="9623"/><Block Hash="l49ykC2J55J+5IoNaKlVFTjP9QaQ++UQM8kUd2tzCUM=" Size="11822"/><Block Hash="DUX3dYU/ou0+CUU/LSoX6IxTNN5O+FX41+fxj7+arGU=" Size="14913"/><Block Hash="7EFgpbcnmgxn3CQ7ht6nyC+zVQvT8kn9uC13x45EbOA=" Size="6446"/><Block Hash="9Y9roY/+4g269+cbdvB4E/Ha8Rdp+zAcVtwY13SF6t4=" Size="5154"/><Block Hash="Lww1fyoSIXZIUTNxB6IvaN9A8PgQ2ku7z/4bRaFD4YY=" Size="9462"/><Block Hash="Cn9CZOspSNKQI9jhrNH3IJr+hv0wNidprkY2rp5NuVA=" Size="10279"/><Block Hash="R91yk4WZmvaNV6/TGj/AWf5DeA8i7iYyeo635BTRclA=" Size="14780"/><Block Hash="ntd72DFQ6ycPpDkj05s4paeiiWV3XUxaPmn30UFfdfA=" Size="12890"/><Block Hash="Bt6p2frelGUVagQAbRDvf58NiDAz6fWl9CycV18v9PE=" Size="13301"/><Block Hash="gQLGjAYR6KUL72Zq62UyYTXAXHN2+trINVdhaajHZxU=" Size="7512"/><Block Hash="Fo9c0uET7m6+UaUpVsDFLcPgMx5dzH4vLcnQ81/3Bm4=" Size="26212"/><Block Hash="wRz0IqsfGkxptWhtzK0T62ypIe++TjphrGN56+n3vXg=" Size="16931"/><Block Hash="NUeEkY2IYTExK1WT0Rz7jJIzLEaiuwvpqlgArZ+Dh/A=" Size="16425"/><Block Hash="jh5k+86yfNDicvesqwrdxHRjhPPfI+IhU8n31OlAe04=" Size="18274"/><Block Hash="8q5t3yIRz+R5PIPyV56Dlmizw6axmwKcfOkDcr4+USU=" Size="34318"/><Block Hash="n2u/0rWQCsDG39b+7AfmRPNux7NqwGO/+qjaK229L3I=" Size="33966"/><Block Hash="uAXwNFiDE1hRm5y2/YhH+ctt1pOF4Sjqij9e+w7nTPQ=" Size="34725"/><Block Hash="EUZBwTEacdKH4L+F1XuGMG0i9AO25bpLMn9gS7VFqGY=" Size="33156"/><Block Hash="9+E5seR8PY0r20bKJNKz1+u8BstCvPkmk/OEHSSY78A=" Size="33153"/><Block Hash="Jg08AEH0FWWITZyfb0JLWNOU6KYKiCO0c40al0XnEYE=" Size="16907"/><Block Hash="WsK3fWeU9C4uuVMdux2vqFkH4Jzslyk1dGUwpg9Uquk=" Size="12372"/><Block Hash="2RQY9gDMWzdBl/vH+nQhOZNACF0aXBFOxHJBQmMvbms=" Size="8096"/><Block Hash="6a70X+dbMUcWr+DVt34J3coEUsGCJ31hXc4Sgc+j3Wo=" Size="9041"/><Block Hash="oXgJV5Ig+bUeNsFysQA/Pdph1MkTbFlN7Ezxqcujucw=" Size="8913"/><Block Hash="4UQHA7ph3t1XDwpDzEx6D3xgmd7UanTmk1b3Xx+DrFg=" Size="19410"/><Block Hash="5qu/UTSl6gmXgKLIgC/M6lnVehYSW/GPaC1o1snu/HY=" Size="31666"/><Block Hash="/XkrUBqsyLl4ki95Uc2BzJCMHxzd63mMMuNbyVqUB8E=" Size="23610"/><Block Hash="GLxHcSfx+orSIvxVlrLDeiE8cTwYxcrc+Vc1GaYjuWk=" Size="4306"/><Block Hash="GmtWdeT58Dl85uIhF47h0K+4GQSKp1kw/tSyeD1jCyc=" Size="8488"/><Block Hash="KPPQR11BRt+EZBIAZUNPxpkE78eoBgyA3Qak3Sn13G4=" Size="22955"/><Block Hash="9MEL/lABy8dSUiBL+dNXjfM/9twG+sE9LRKZh3U7+hY=" Size="11989"/><Block Hash="2EtqOj/vmvewD/7kaTgZ7qoaEZ1FphPRypdS8efW4kY=" Size="7682"/><b4:FileHash Hash="d7mxKFVOyq52ewbbkdwL5J147HcCDYEifwdi/bMc6qI="/></File><File Name="x86\TTDLoader.dll" Size="43040" LfhSize="47"><Block Hash="yCn1jUl6UZtJy3OkgZQui/7kQrfrdUBA1s4mX73oeYw=" Size="15341"/></File><File Name="x86\TTDLiveRecorder.dll" Size="59424" LfhSize="53"><Block Hash="qms+j8AKxHIWl02U5hUiCea1RTVqBHpJRXl5UBwflFE=" Size="22550"/></File><File Name="x86\TTDInject.exe" Size="247840" LfhSize="47"><Block Hash="HGOQe7RFO9x9bvPyH0dcgrV6CpWFYmJaop5IO+Nz//U=" Size="35703"/><Block Hash="iPf17MFxdOaiH6zSGWVVg9qK0VHF29ElIw5nSDTbV6c=" Size="37674"/><Block Hash="NznZgUk7/H/A0AAXdAmcKqRS2fooEjl4Qsy5ROkdQx4=" Size="20254"/><Block Hash="Klm2pRIVsEiW4Uwd5F7n7CONUP9ew+eGkhjcB2epnxs=" Size="21791"/><b4:FileHash Hash="wHC9nGMhiR88gAFdjUgElI1CwNqAMoKxNRbcO7vCvcI="/></File><File Name="x86\TTDRecordCPU.dll" Size="1185824" LfhSize="50"><Block Hash="FqmXXC2xqG1RNiP3+4xAuSgiIxged4CSst6X5udO7cs=" Size="34617"/><Block Hash="xLKQHX0YbnEbQCYktloMOqJDBoFUEAS4T/vxuOPEns4=" Size="27152"/><Block Hash="ky5yHjG3CaitPvUKnrLmCxrcnW3RlX+haBRZKdnn+R0=" Size="18617"/><Block Hash="V9SSfVEEnsUA1kfmFGTHwA8MImGXehN1pmQ/9hN1S1k=" Size="9878"/><Block Hash="KKHa8A4iteX473U28Ary51b1h8yutmLh5o89FJBqs4c=" Size="6671"/><Block Hash="zZpfsXfYPidcElFOof+L2BQNvqXLyoQtzbVCWIBmG5k=" Size="7268"/><Block Hash="thFr9hwHlbnrOfxtBdjmqTjXCEER2Ov6kflFVBLO8uE=" Size="8824"/><Block Hash="6gReWk5Lc+ZF/4Sfo2+5ylEKwcdIgvJl1QmDuNX+Suo=" Size="7402"/><Block Hash="NP9xkMvbB4Wcc8Hl7PW9h0IJH5b+8NxZ0BjNZWDZdro=" Size="14315"/><Block Hash="bYocjbUG8H58ntA0YlWVi81ZQyWOCWrBCjlAYY4bNjA=" Size="16580"/><Block Hash="D91hsQeGdcfSWrsx9F2RwVqrVTLVTEYg3RTopCT4bU0=" Size="15448"/><Block Hash="+jNKnfNjxAJILKGJWxlda54bbs54BWfUP1DbFlDcj5Q=" Size="34554"/><Block Hash="UQKXYN/1CtbDiP3nh2va5CbXS113ttR2ymKN9huV8wM=" Size="27484"/><Block Hash="Z4KWS/bSTCLgxcyXZn2w6lSxqP3RaAa0AOOPH2v0b3s=" Size="34413"/><Block Hash="JH2Ihs+80Ntrx0R9qAJrUCD+f4+jMzrtgDSjXgN7hq0=" Size="17400"/><Block Hash="1NDLtnaV2MM+O3SQ45XDcjrW9n2M/oHKi+aXcZEIzfQ=" Size="15057"/><Block Hash="DqeQlHzz0vdX2DeGIEIMF5hoaxE3PZhp4rb3mAo1HD8=" Size="16311"/><Block Hash="2UIvE5q0agSZmkSnuJMUWTMcu/8NRWYRzjtNaCCjQPc=" Size="25515"/><Block Hash="TqItK/WtZquaG1u/83DBNDISOPOb3UyABP30AFPf9Yc=" Size="4402"/><b4:FileHash Hash="dkXS07tV0CTB9teSNwpr9+1Rya8Ag9YC87ulbayV1GY="/></File><File Name="resources.pri" Size="1856" LfhSize="43"><Block Hash="k5Yb1dwxoN9+ASjft2krXAKg8/6x8ihm+B79TSEgIL0=" Size="755"/></File><File Name="AppxManifest.xml" Size="2507" LfhSize="46"><Block Hash="rIa00Yg9kI1oSsxXwaRSeLB8oIB6RBUoKwUDizFbv8A=" Size="831"/></File></BlockMap>